ing,6059
ion,2993
ati,2591
tio,2488
ers,2059
ate,1991
ent,1947
ter,1911
ess,1829
tin,1567
ted,1506
ons,1406
ist,1293
con,1293
ble,1258
est,1236
nes,1217
ies,1179
res,1166
all,1154
ica,1055
abl,1034
lin,1033
rat,1016
per,1002
ver,981
men,965
ive,958
tic,958
les,955
ine,946
tra,943
ous,916
dis,897
sti,889
ali,887
rin,883
tor,875
ant,856
nte,856
red,853
cal,844
der,838
pro,828
ise,824
ste,805
int,802
lis,798
lly,777
eri,773
nde,764
nce,761
str,757
ect,748
iti,745
cti,723
lat,719
sta,717
ere,714
nti,702
pre,693
tes,693
ity,691
rea,673
min,665
ran,663
lit,662
and,654
her,653
com,648
era,640
led,637
tri,631
che,627
sin,622
tiv,612
ove,599
cat,594
sed,594
gra,592
und,586
ene,573
ten,572
rec,572
ili,572
ses,547
ona,543
the,542
nat,541
ast,538
enc,538
nal,536
man,528
ari,523
for,522
ish,522
ier,517
mis,516
tat,514
ina,513
ell,509
ide,505
din,505
nin,502
tte,498
ssi,491
ort,489
nts,481
lle,480
ned,480
nis,479
anc,478
ris,477
ard,476
mat,475
end,474
ill,473
ain,470
rie,469
ear,466
one,465
ure,462
ens,460
ass,455
ind,454
ins,452
des,446
log,446
ght,445
par,445
ngs,444
tur,442
act,442
oun,441
oni,439
ula,437
age,437
cha,436
ial,435
rac,434
art,434
ato,434
lli,433
kin,432
olo,431
igh,428
ele,426
sse,426
ack,420
ner,418
ors,418
ded,417
sts,414
hin,414
ans,413
chi,413
ler,410
imp,409
nta,409
ric,409
unc,404
lan,401
ite,396
ces,394
tal,394
ngl,394
tro,391
ely,390
ven,390
ser,387
tie,385
isi,384
she,384
sio,381
our,381
inc,378
ori,378
ret,377
ism,376
eat,375
den,372
pla,369
shi,369
ndi,368
ici,368
out,362
ita,362
sto,361
ful,358
tab,357
pin,356
ete,356
tan,356
rti,355
pos,353
rit,353
omp,353
hea,351
ifi,350
nge,350
ust,349
isa,349
rap,349
eli,347
rep,347
unt,346
app,346
ren,342
eme,342
lic,341
ria,340
ani,340
hes,335
ang,335
ore,335
han,334
ntr,333
ont,332
ker,332
spe,330
ini,329
ome,329
tre,329
vel,328
hed,326
ron,325
bil,325
ral,323
ger,323
rou,321
ert,320
pri,319
ead,318
har,318
car,317
eco,317
iat,316
mer,316
iou,315
sat,313
gen,312
lar,312
eti,309
sly,307
qui,306
edi,305
gin,304
ave,304
ost,304
cor,302
mon,302
tch,302
tis,299
ick,298
cke,295
eas,295
ile,293
att,293
nsi,293
ade,292
ora,292
ple,290
ped,288
ara,288
are,288
ath,288
gly,287
cre,287
orm,285
rop,285
ber,284
scr,283
ock,283
use,283
pen,282
tar,280
ace,280
erm,280
ves,279
cen,279
eve,279
wor,279
tru,277
tle,276
lea,276
ian,275
nic,273
nst,272
sit,272
oli,271
nch,271
ame,270
cul,270
oll,269
hor,269
ogi,267
lie,267
ire,265
rel,264
win,264
que,263
sen,263
als,263
por,260
qua,260
ges,259
sub,258
tly,258
mar,257
med,257
cra,257
cou,256
las,256
rai,256
sur,256
eni,256
fer,256
uri,255
pol,255
isc,254
ref,254
met,254
cro,254
pat,253
mpe,253
ppe,253
ice,251
dec,250
ros,250
sho,250
war,249
rem,248
ree,248
uti,248
bly,247
ked,246
sco,246
dic,245
sha,245
usl,245
pti,244
ake,244
bra,244
ram,243
cri,243
ole,242
ach,242
etr,242
ull,242
can,242
lec,242
pli,241
omi,241
ose,241
mpl,241
len,239
arr,238
rre,238
col,238
abi,237
erc,236
yin,236
fie,236
nit,235
hol,235
iss,234
exp,233
nco,232
gat,232
emi,232
mic,232
amp,230
ton,230
pho,229
aph,228
inf,228
lac,228
uni,227
lla,227
fic,227
rte,226
ime,226
uns,226
ash,226
ail,226
ern,225
sca,224
dle,224
tel,222
ero,222
spo,221
ged,221
nci,221
fin,221
nne,221
cur,220
eal,220
esi,220
ute,220
rse,220
rch,219
ivi,219
cla,219
nds,219
ied,219
cin,218
ars,218
adi,218
ult,218
air,217
err,217
ets,217
ord,217
ond,216
osi,214
rad,214
let,214
rri,213
llo,213
tit,212
rma,212
itt,212
mal,212
cia,210
cer,210
ote,210
ale,209
ett,209
spi,208
ual,208
gre,208
lig,208
ogr,207
ura,207
ary,207
bli,207
tia,207
aci,206
cle,206
rev,206
ntl,206
low,205
tai,205
ema,204
til,204
mor,203
ong,203
roo,201
son,201
ign,201
imi,201
dia,200
ood,200
sup,200
tim,200
ope,199
mit,199
siv,199
nse,199
oth,199
ien,199
uct,199
thi,199
ced,198
gle,198
ase,198
ras,197
emo,197
cto,196
ann,196
sel,196
omm,195
duc,195
pec,195
oti,195
ono,195
vis,195
vin,194
arc,194
erv,193
rmi,193
dly,192
rab,190
ibl,190
lou,190
row,190
acc,189
dit,189
ese,188
rus,188
tho,188
old,187
hip,187
cks,187
ics,185
phi,185
fla,184
sol,184
tti,184
rot,184
rig,184
ily,184
bar,182
eta,182
mme,182
tif,182
ict,181
owe,181
uff,181
ane,181
def,180
cho,179
bri,179
sis,178
gis,178
ext,178
ima,178
ana,177
rer,177
ami,176
loc,176
reg,175
dge,175
nve,175
arm,175
rom,174
rge,174
cit,174
phe,174
dra,173
sor,173
die,172
ink,172
umb,172
ena,172
usi,172
esc,171
idi,171
mas,171
spa,171
nar,171
mil,171
oin,171
urs,171
eci,171
pan,170
ery,169
bre,169
ffe,169
oot,169
mou,168
equ,168
sal,168
itu,168
roc,168
cap,166
ode,166
ape,166
rds,166
oma,166
del,166
emb,166
oss,166
net,165
sid,165
cte,164
evi,164
rag,164
sec,164
dem,164
erp,163
own,163
ork,163
stu,162
ook,162
fle,162
emp,162
rip,162
val,162
pic,162
rio,162
isp,162
onc,162
ugh,162
nda,161
rth,161
dro,161
ede,161
eed,160
thr,160
loo,160
rim,159
uit,158
gro,158
ept,158
bal,158
tee,157
rol,157
bit,157
ela,156
eep,156
his,155
asi,155
rib,155
atu,154
bat,154
ece,154
mes,154
inv,154
onf,153
sce,151
sne,151
vat,151
lim,151
tom,151
hal,150
cas,150
wer,150
oke,150
ril,150
upe,150
bed,150
cru,149
eak,149
aut,149
bel,149
mul,149
rdi,149
lia,149
pit,149
mbl,148
ude,148
orn,148
hou,148
ark,148
amb,148
ank,148
nsu,147
una,147
dep,147
ega,147
hro,147
ala,147
lon,147
mpa,147
bro,147
leg,147
lif,147
ctu,146
oca,146
clo,145
utt,145
ump,145
cis,145
rid,145
wel,144
erl,144
sig,144
epr,144
lde,143
hic,143
ban,143
gic,142
bla,142
esp,142
boo,142
rav,142
fra,142
alt,142
lus,142
mot,141
ues,141
iva,141
san,141
rde,141
hil,141
sla,141
rsi,140
atc,140
ffi,140
lam,140
bea,140
odi,139
squ,139
lti,139
fac,139
ith,139
ved,139
rme,138
bin,138
ory,138
orr,138
rif,138
une,137
uat,137
rta,137
oph,137
hon,137
flo,137
erf,137
aff,136
cie,136
ify,136
gge,136
hie,136
eer,136
tua,136
lls,135
ean,135
mbe,135
hen,135
lab,135
avi,135
els,135
pet,135
nom,134
rne,134
plo,133
ckl,133
lay,133
bac,133
rum,133
ola,132
det,132
pie,132
urn,132
eac,132
pul,132
opp,132
mpo,132
rov,132
edl,132
fre,132
hoo,131
ott,131
imm,131
bur,131
lum,130
pas,130
blo,130
pac,130
ibi,129
cki,129
mpr,129
onv,129
lor,129
sea,129
tea,128
ila,128
epe,128
riv,128
nou,127
gar,127
sma,127
mag,127
dat,127
agg,127
pea,126
eva,126
rro,126
roa,126
nth,126
ipp,125
not,125
oon,125
ata,125
eno,125
nor,124
iso,124
ein,124
efi,124
ito,124
ruc,124
rst,123
urr,123
lut,123
rna,123
cli,122
rra,122
tem,122
rog,122
its,122
nan,122
fri,122
nni,122
mel,121
uck,121
ech,121
epi,120
rce,120
pra,120
dow,120
lem,120
pon,120
kle,119
oug,119
cop,119
uis,119
som,119
ndo,119
add,118
ken,118
efu,118
erg,118
gan,118
ush,118
ama,118
hee,117
sci,117
eth,117
pur,117
ssa,117
ppi,117
rod,116
nct,116
cep,116
rni,116
dea,116
oto,116
gui,116
ket,116
lte,116
eam,115
ung,115
opi,115
tac,115
pes,115
tag,115
rts,115
atr,114
ecu,114
way,114
ays,114
rve,114
vit,114
nab,114
ppr,113
cus,113
cio,113
lot,113
put,113
ume,113
epa,113
sem,113
pir,113
inn,112
iga,112
dre,112
udi,112
cel,112
abo,112
ows,112
arg,112
cts,112
eck,112
vol,111
fir,111
bor,111
eca,111
div,111
lai,111
efe,111
hum,111
elo,110
uar,110
ski,110
agi,110
eng,110
spr,110
ncy,110
boa,110
wat,110
gri,110
sso,110
cta,109
ogy,109
ngu,109
omb,109
ddl,109
oar,109
pal,109
but,109
hte,109
wea,109
gli,108
ium,108
eig,108
whi,108
een,108
iri,108
ads,108
gal,108
hot,108
sib,108
uts,107
tou,107
ats,107
fli,107
pot,107
arb,107
bas,106
ndl,106
ibe,106
ida,106
nfi,106
mod,106
sli,106
nke,106
exc,105
cut,105
bou,105
dri,105
hem,105
hel,105
oat,105
kes,105
sic,105
ips,104
oom,104
oad,104
abs,104
nie,104
unr,104
eet,104
erb,104
rew,104
ano,104
ecr,103
irr,103
ndu,103
scu,103
ctr,103
arn,103
nto,103
bul,102
ttl,102
run,102
fil,102
het,102
stl,102
lib,102
bus,102
mpi,102
dan,101
dde,101
top,101
uta,101
nia,101
sie,101
ubs,100
tec,100
nfo,100
van,100
rob,100
lop,100
sil,100
flu,100
oil,100
wed,100
phy,99
ool,99
rei,99
ots,99
hom,99
iff,99
ago,99
aft,99
ule,99
urg,98
esh,98
los,98
orp,98
obs,98
rcu,98
arl,98
api,97
edu,97
mea,97
opo,97
upp,97
alo,96
icu,96
unf,96
fec,96
dul,96
sum,96
ngi,96
dne,96
ees,96
ota,96
mai,96
kie,95
cid,95
mus,95
dio,95
lve,95
egr,95
org,95
uth,95
gon,95
aki,95
ham,94
set,94
bbl,94
exi,94
egi,94
ugg,94
oly,94
irc,94
gue,94
loa,94
ift,93
omo,93
pel,93
rof,93
eab,93
urt,93
orc,93
cip,93
nfe,92
wit,92
ths,92
poi,92
bon,92
dli,92
ils,92
tig,92
aps,92
nso,92
ino,91
abb,91
unb,91
evo,91
sch,91
oro,91
rsh,91
fro,91
ipe,91
ira,91
ppl,91
dev,90
ild,90
ggl,90
nif,90
see,90
swe,90
tol,90
nac,90
sab,89
off,89
gla,89
gni,89
amm,89
mmi,89
mol,89
plu,89
pil,88
gna,88
jec,88
gne,88
nre,88
ike,88
igi,88
hab,88
unp,88
nea,88
coa,88
clu,88
ubl,88
wee,88
pha,88
uto,88
lid,88
yst,87
aun,87
eel,87
eso,87
iab,87
olu,87
sle,87
ppo,87
has,87
nel,87
epo,86
geo,86
eur,86
cil,86
rke,86
llu,86
dif,86
sul,86
nec,86
ava,86
rli,86
oid,86
fus,85
typ,85
mma,85
agn,85
uen,85
mpt,84
tli,84
umm,84
yed,84
ois,84
lip,84
dom,84
iev,84
sim,84
oci,84
fun,84
mun,84
rgi,84
bbe,83
epl,83
mbi,83
spl,83
nsp,83
reh,83
liv,83
ife,83
ndr,83
nam,83
nsc,83
ray,83
tun,83
bst,83
tne,82
nca,82
hai,82
aye,82
glo,82
asp,82
rpo,82
oge,82
aus,82
mid,82
mmo,82
whe,81
ngr,81
bes,81
bol,81
lad,81
mac,81
nqu,81
ids,81
itc,81
cir,81
cum,81
apt,81
uss,80
iar,80
uls,80
ado,80
rup,80
hos,80
raw,80
nee,80
ops,80
lio,80
fes,80
lee,80
rbo,80
hat,80
hun,80
rbi,80
aug,79
soc,79
nfl,79
mba,79
eto,79
vic,79
reb,79
onn,79
smo,78
ccu,78
fte,78
via,78
sou,78
gul,78
nsa,78
iol,78
tme,78
fal,78
usn,78
ecl,78
aro,78
tha,78
ggi,77
ype,77
rmo,77
lne,77
try,77
mut,77
owl,77
irt,77
woo,77
hyp,77
foo,77
pun,77
rvi,77
coo,77
pai,77
swa,77
nvi,77
mpu,76
lau,76
mmu,76
ige,76
tas,76
obb,76
wri,76
blu,76
adv,76
ilt,76
hop,76
tam,76
iqu,76
eav,76
uou,76
nen,76
smi,75
udg,75
lex,75
wal,75
cos,75
eld,75
chr,75
aid,75
lag,75
rtu,75
uin,75
asc,75
exe,74
enu,74
raf,74
lue,74
ddi,74
num,74
unn,74
slo,74
toc,74
efo,74
uil,74
oop,74
cam,74
xpe,74
syn,73
alk,73
twi,73
lev,73
nno,73
tud,73
cce,73
too,73
xtr,73
odu,73
tut,72
tta,72
ege,72
dal,72
obi,72
dig,72
rco,72
sty,72
fis,72
amo,72
fol,72
nim,72
alu,72
ssl,72
mbo,71
vil,71
fat,71
ssu,71
exa,71
ocu,71
ncl,71
adm,71
oul,71
uch,71
eou,71
elf,71
hri,71
ubb,71
deb,71
inu,71
osp,71
nol,71
nsh,71
ais,70
hir,70
irs,70
unk,70
rly,70
ams,70
dou,70
oxi,70
och,70
tfu,70
ipl,70
umi,69
cov,69
apo,69
fen,69
now,69
urb,69
aul,69
ebo,69
sun,69
cab,69
ncr,69
ewa,69
shr,68
lun,68
fyi,68
gie,68
pou,68
erd,68
ehe,68
rga,68
rso,68
ogg,68
sno,68
ico,68
get,68
oor,68
ibu,68
ske,68
gua,68
lap,67
tip,67
ipt,67
iet,67
don,67
owi,67
vid,67
ffl,67
rks,67
rva,67
edg,67
nki,67
ovi,67
non,67
fur,66
vie,66
nas,66
sme,66
fed,66
ben,66
rle,66
coc,66
ums,66
hap,66
lur,66
hit,65
ony,65
alm,65
bio,65
idd,65
uci,65
swi,65
dor,65
rud,65
arp,64
ait,64
law,64
uce,64
tap,64
bbi,64
nig,64
tak,64
cad,64
ewe,64
igu,64
oce,64
dar,64
yer,64
rry,64
sph,63
hyd,63
gor,63
icr,63
mos,63
ada,63
udd,63
ilo,63
igr,63
rui,63
cco,63
aud,62
wis,62
neu,62
agr,62
uma,62
kil,62
ydr,62
itr,62
dil,62
hts,62
eye,62
dir,62
nag,62
nio,62
eds,61
nos,61
far,61
upt,61
bse,61
lik,61
esu,61
fig,61
eff,61
reo,60
rci,60
erw,60
obl,60
tir,60
ntu,60
pto,60
dab,60
fit,60
fou,60
ocr,60
ebu,60
eda,60
avo,60
rpr,60
sar,60
olv,60
rba,60
rsa,60
was,60
pis,60
ldi,59
sym,59
inh,59
igg,59
ego,59
obe,59
dol,59
pee,59
nme,59
eon,59
ipa,59
poo,59
uln,59
var,59
efa,59
oos,59
vou,59
acr,59
ysi,59
oac,58
uer,58
dam,58
new,58
sac,58
rpe,58
ups,58
tib,58
xpl,58
unw,58
eho,58
ibr,58
xes,57
dmi,57
ews,57
rph,57
url,57
rns,57
awa,57
gur,57
dim,57
oof,57
osc,57
aca,57
nfu,57
chu,57
acy,57
zzl,57
wil,57
enn,57
vio,56
hre,56
cup,56
hur,56
psy,56
oct,56
bot,56
efr,56
thu,56
nex,56
eek,56
nap,56
iel,56
sus,56
git,56
gam,56
sif,56
aze,56
eap,56
occ,56
mak,56
bun,55
roi,55
doc,55
eba,55
uir,55
luc,55
day,55
kno,55
aso,55
neg,55
irm,55
how,55
efl,55
irl,55
imb,55
eis,55
tum,55
oms,55
ich,55
ssn,55
elt,55
sia,55
etc,54
mem,54
rfe,54
cry,54
pop,54
hme,54
alc,54
tto,54
unl,54
cem,54
kee,54
hly,54
jud,54
mph,54
ewi,54
sag,53
cea,53
bru,53
mps,53
fas,53
apa,53
unm,53
syc,53
dee,53
egu,53
rms,53
ods,53
edn,53
lob,53
ird,53
rub,53
gru,52
ias,52
idl,52
sua,52
opa,52
ouc,52
cif,52
ycl,52
bet,52
ncu,52
tog,52
cod,52
ova,52
noc,52
urp,52
fan,52
moo,52
lys,52
aim,52
cyc,52
fai,52
pte,51
vab,51
nfa,51
thy,51
rki,51
lud,51
bia,51
xte,51
rut,51
ych,51
opt,51
upl,51
tid,51
oup,51
epu,51
rlo,51
orb,51
ubt,50
nly,50
oub,50
awn,50
lav,50
bic,50
ior,50
voc,50
isl,50
fea,50
cei,50
nks,50
ody,50
rar,50
bab,50
lsi,50
aly,50
wei,50
nut,50
ebr,50
bis,50
hau,50
lod,50
utr,49
teg,49
fel,49
uro,49
adl,49
kli,49
gno,49
uan,49
ptu,49
dru,49
adr,49
sna,49
hys,49
mie,49
lds,49
axi,49
fid,49
nem,49
slu,48
sex,48
ney,48
izz,48
uid,48
uli,48
loi,48
bir,48
kne,48
edo,48
shl,48
urd,47
suc,47
hec,47
hus,47
gel,47
wai,47
abe,47
adj,47
cog,47
ulo,47
ymp,47
bag,47
edd,47
opr,47
hti,47
nga,47
nad,47
aga,47
acu,47
goo,47
rtl,46
shu,46
eys,46
zle,46
nau,46
pay,46
lep,46
chn,46
gea,46
oga,46
nli,46
ols,46
rbe,46
usa,46
vas,46
hib,46
nla,46
pse,46
wle,46
mbr,46
nna,46
cav,45
dog,45
tow,45
aba,45
fti,45
yme,45
inl,45
aco,45
gem,45
got,45
nha,45
loy,45
tus,45
awl,45
rca,45
gas,45
ivo,45
sui,45
iot,45
exh,45
azi,45
opu,45
tep,45
nva,45
mbu,45
tul,45
uel,45
enl,45
nju,45
hei,44
lts,44
lov,44
ibb,44
rhe,44
odd,44
pag,44
nfr,44
abu,44
iro,44
gma,44
nsm,44
kab,44
sad,43
uet,43
ogu,43
pap,43
urc,43
nip,43
mur,43
isk,43
fee,43
eol,43
abr,43
hne,43
oft,43
bod,43
hav,43
joi,43
oki,43
eru,42
nua,42
oud,42
cau,42
jus,42
hra,42
jur,42
pid,42
who,42
eor,42
eop,42
mir,42
gun,42
mad,42
oas,42
adu,42
ued,42
iag,42
ewo,42
imo,42
mig,42
erh,42
zin,42
wns,41
tot,41
vac,41
rwa,41
odo,41
pow,41
swo,41
key,41
ize,41
uad,41
bee,41
yna,41
fia,41
fet,41
wre,40
wan,40
uzz,40
afe,40
idg,40
liq,40
had,40
opl,40
ayi,40
bsc,40
oya,40
sai,40
rdl,40
nkl,40
usc,40
sau,40
zed,40
ask,40
eps,40
elu,40
isf,39
cot,39
lme,39
nop,39
suf,39
vul,39
auc,39
ims,39
eph,39
asu,39
heo,39
oba,39
bid,39
eit,39
cqu,39
dus,39
etu,39
eha,39
nai,39
wne,39
raz,39
sms,39
nvo,39
ety,39
lef,39
spu,39
pip,39
acq,39
sep,38
dua,38
aer,38
fix,38
dve,38
unh,38
eaf,38
bow,38
chm,38
ypo,38
wag,38
osa,38
lub,38
hle,38
iac,38
nob,38
rla,38
nog,38
rfu,38
jac,38
viv,38
eau,38
jun,38
icl,38
ief,38
pub,38
vir,38
ogn,38
alp,38
utl,38
yri,37
gib,37
ebe,37
edr,37
box,37
env,37
dum,37
nwa,37
vig,37
doo,37
phr,37
cka,37
pus,37
ald,37
iew,37
chl,37
emu,37
eem,37
npr,37
vet,37
thl,37
urv,37
isr,37
xed,37
sap,37
rue,37
ubi,37
wav,37
ror,37
jou,36
cow,36
tos,36
odl,36
dgi,36
oks,36
dst,36
ulp,36
oal,36
fru,36
sav,36
pad,36
tet,36
eiv,36
oco,36
olt,36
rau,36
ngo,36
wid,36
uga,36
beh,36
enf,36
chy,36
beg,36
deo,36
eez,36
shm,36
neo,36
rda,36
nle,36
sni,36
toi,36
tax,35
hob,35
ryi,35
oso,35
eut,35
owd,35
rho,35
arv,35
xin,35
pia,35
riu,35
cub,35
rru,35
gme,35
upi,35
him,35
noi,35
alv,35
nsl,35
fam,35
fts,35
quo,35
opy,35
req,35
vag,34
anu,34
imu,34
nhe,34
owa,34
acl,34
urf,34
rto,34
eec,34
hog,34
zes,34
bso,34
nov,34
exo,34
ltr,34
ckb,34
ofi,34
eag,34
oan,34
oit,34
gil,34
uno,34
ttr,34
rmu,34
hig,34
itl,34
gai,34
xpo,34
nef,34
pts,34
zie,34
lki,34
ipi,34
vor,34
gag,34
asa,34
leb,34
iec,34
voi,33
yel,33
rej,33
nav,33
twe,33
lug,33
yph,33
tau,33
rpl,33
ffs,33
eft,33
igo,33
eke,33
oye,33
onj,33
xce,33
exu,33
ppa,33
ply,33
nbe,33
tub,33
oic,33
aws,33
ulg,33
tex,33
yli,33
ucc,32
seq,32
sre,32
yth,32
hod,32
alg,32
teo,32
rsu,32
gio,32
bom,32
gir,32
ghe,32
htl,32
rdo,32
nsf,32
moc,32
poc,32
rgo,32
lta,32
tma,32
iog,32
dju,32
coi,32
dyn,32
mni,31
siz,31
gou,31
xic,31
pta,31
hma,31
rsp,31
ags,31
pig,31
hwa,31
ems,31
sam,31
tla,31
ixe,31
bos,31
odg,31
agu,31
hid,31
dip,31
lge,31
axe,31
uic,31
tuo,31
elp,31
iph,31
inq,31
shn,31
isg,30
ley,30
hut,30
yma,30
ofe,30
hag,30
laz,30
joy,30
lmi,30
gus,30
upr,30
lfi,30
bie,30
ube,30
nus,30
ffo,30
mog,30
lth,30
psi,30
xis,30
ypt,30
pru,30
usk,30
fly,30
bje,30
hfu,30
uld,30
dai,29
obo,29
mov,29
hoa,29
lch,29
sev,29
tup,29
zer,29
bug,29
rpi,29
nnu,29
otr,29
ilk,29
wom,29
ndm,29
tyl,29
hac,29
twa,29
lst,29
ltu,29
ulk,29
lel,29
uge,29
isu,29
mob,29
sop,29
sas,29
dsh,29
sth,29
mbs,29
erk,29
ifu,28
niv,28
usp,28
esa,28
hiv,28
boy,28
kel,28
wra,28
hoe,28
oqu,28
alf,28
nym,28
buc,28
any,28
yan,28
pok,28
utc,28
uie,28
nur,28
lom,28
asm,28
thm,28
god,28
kis,28
dup,28
cet,28
aur,28
dur,28
ulc,28
ubm,28
stm,28
oys,28
foc,28
wni,28
nil,28
mud,28
vot,28
ady,28
hno,28
saf,27
rpa,27
xer,27
gia,27
bui,27
hak,27
ckn,27
shy,27
eze,27
xio,27
nho,27
big,27
wes,27
awe,27
seb,27
yar,27
yse,27
lke,27
onl,27
aem,27
ryp,27
mia,27
elv,27
ync,27
sky,26
enr,26
tef,26
lco,26
lym,26
rok,26
urm,26
xim,26
lax,26
yte,26
ypi,26
nma,26
pst,26
cib,26
sir,26
rfo,26
nul,26
llb,26
kit,26
oze,26
deg,26
diu,26
cac,26
sfi,26
uph,26
omy,26
agm,26
pab,26
rug,26
xpa,26
coh,26
gol,26
lyt,26
noo,26
ido,25
sod,25
two,25
wir,25
hoc,25
ndb,25
vok,25
isd,25
rfa,25
oer,25
isb,25
mle,25
inj,25
sue,25
xpr,25
iba,25
mna,25
ios,25
ilm,25
bud,25
dma,25
ngt,25
dag,25
igm,25
uds,25
goa,25
kma,25
rul,25
rox,25
fab,25
dwi,25
mab,25
hth,25
rey,25
tst,25
ckp,25
zar,25
cci,25
das,25
hio,25
haw,25
yll,25
ury,25
smu,25
eup,24
lyi,24
riz,24
egg,24
tba,24
bum,24
pio,24
syl,24
sof,24
paw,24
wha,24
oes,24
aks,24
lph,24
utu,24
asy,24
nny,24
apl,24
wro,24
oak,24
rwo,24
mec,24
dhe,24
sip,24
meg,24
pyr,24
jug,24
oed,24
tod,24
giv,24
rno,24
rty,24
nod,24
hov,24
lga,24
arf,24
aby,24
rys,24
hlo,24
dap,24
enh,24
ggr,24
idu,24
otc,24
sei,24
kly,24
uor,24
dwa,24
due,23
bsi,23
wak,23
osm,23
xid,23
awk,23
niu,23
ogs,23
utp,23
sew,23
cko,23
rak,23
thw,23
gga,23
ssy,23
amu,23
dun,23
ymo,23
yal,23
mne,23
may,23
yea,23
aym,23
vai,23
esm,23
uas,23
gau,23
sot,23
saw,23
cca,23
cky,23
vei,23
stf,23
tyr,23
npo,23
otl,23
hew,23
kni,23
dry,23
goi,23
bec,23
ipo,23
lcu,23
rtr,23
bby,23
you,23
snu,22
fau,22
fei,22
vey,22
azz,22
map,22
sug,22
mop,22
gov,22
ghs,22
yra,22
oir,22
omf,22
hae,22
oda,22
ynt,22
nty,22
hoi,22
ffu,22
ppy,22
soo,22
scl,22
lua,22
aqu,22
nun,22
wad,22
rdr,22
dwo,22
uea,22
coe,22
dba,22
irk,22
yle,22
osy,22
lva,22
nib,22
lux,22
dop,22
nlo,22
civ,22
ifl,22
uot,22
bog,22
reu,22
tty,22
glu,22
tui,22
mok,22
nbo,22
pod,22
kid,21
cef,21
lma,21
njo,21
soa,21
rcl,21
sob,21
ubr,21
lpi,21
umo,21
rha,21
kat,21
lew,21
onu,21
icy,21
wli,21
xam,21
teu,21
hru,21
wic,21
dot,21
gum,21
uba,21
bad,21
aka,21
oxe,21
thf,21
eje,21
hni,21
rgl,21
anl,21
gth,21
zen,21
nae,21
rbl,21
nei,21
hbo,21
dau,21
nka,21
fib,21
ntm,21
lse,21
hli,21
lks,20
rgu,20
omn,20
oty,20
fox,20
dho,20
idn,20
uda,20
luo,20
vad,20
uca,20
yon,20
mix,20
did,20
eef,20
ipu,20
nbu,20
buf,20
yco,20
pup,20
ctl,20
phs,20
nro,20
mfo,20
fut,20
yno,20
ooz,20
roy,20
lei,20
mum,20
dlo,20
lil,20
ubc,20
jam,20
lbo,20
bef,20
kag,20
lyp,20
atm,20
kst,20
ssm,20
acs,20
mst,20
zzi,20
uke,20
say,20
moi,20
epp,20
ksh,19
rtn,19
ugu,19
lty,19
dib,19
ywa,19
ugs,19
nev,19
nue,19
ymb,19
rym,19
umn,19
aes,19
eil,19
gut,19
egl,19
rfi,19
tsh,19
sks,19
max,19
ulu,19
rfl,19
tsm,19
adh,19
npl,19
tmo,19
toe,19
nba,19
tuf,19
orl,19
kwa,19
fum,19
eir,19
iom,19
cue,19
aig,19
ylo,19
gab,19
eog,19
ioc,19
pep,19
osu,19
mam,19
jum,19
gho,19
xcl,19
cui,19
xtu,19
dso,19
xon,19
iam,19
lvi,19
xci,19
upa,19
mug,19
mys,19
yes,19
rtm,18
aya,18
dmo,18
dew,18
nmo,18
obj,18
tse,18
yro,18
seu,18
rls,18
eju,18
elc,18
ohe,18
orw,18
eei,18
olk,18
dac,18
wls,18
lca,18
cyt,18
haf,18
ebi,18
nhi,18
dva,18
loq,18
tox,18
ayo,18
ndp,18
foi,18
gob,18
hif,18
boi,18
iny,18
noe,18
wig,18
emn,18
onm,18
cud,18
cob,18
lms,18
vem,18
gog,18
vec,18
ruf,18
bdu,18
ddy,18
obt,18
fug,18
pog,18
veg,18
eum,18
npa,18
umu,18
bmi,18
nwi,17
uiv,17
nsw,17
nuf,17
yti,17
llt,17
ahe,17
gid,17
cee,17
iki,17
xti,17
bib,17
hyl,17
xat,17
nui,17
zon,17
kar,17
urk,17
btr,17
etl,17
tbo,17
voy,17
gns,17
pae,17
lka,17
kal,17
dos,17
uee,17
pom,17
sbe,17
huf,17
fon,17
isq,17
rnm,17
unv,17
htf,17
apr,17
vea,17
xhi,17
atl,17
mom,17
dla,17
axo,17
xem,17
ogl,17
ghi,17
sgr,17
xac,17
xua,16
nuc,16
tiq,16
pau,16
gaz,16
ipr,16
yab,16
chb,16
dod,16
gos,16
pme,16
lui,16
abd,16
ldo,16
dvi,16
nwo,16
ndf,16
elm,16
olf,16
nud,16
dme,16
irp,16
ebl,16
tsi,16
lmo,16
lyc,16
sfu,16
gee,16
rml,16
ffr,16
wol,16
ofo,16
vib,16
soi,16
dex,16
rrh,16
oam,16
gim,16
lpa,16
ocl,16
onk,16
adw,16
ggy,16
cag,16
chs,16
leo,16
eom,16
xha,16
cuf,16
jer,16
hug,16
toa,16
haz,16
lak,16
aeo,16
ovo,16
uve,16
ulf,16
eoc,16
cuo,16
dfa,16
lgi,16
vow,16
uab,16
ffa,16
ogo,16
ssp,15
rka,15
adg,15
xie,15
nbr,15
xor,15
xto,15
llp,15
oet,15
dca,15
ccr,15
owb,15
ndc,15
eus,15
eki,15
oyi,15
cim,15
yho,15
kbo,15
oxy,15
fem,15
ndh,15
wab,15
bew,15
leu,15
mli,15
onq,15
wet,15
kup,15
isj,15
nuo,15
eos,15
sak,15
sku,15
won,15
aty,15
irw,15
pso,15
gst,15
sfo,15
mim,15
tca,15
amn,15
ilu,15
sba,15
tew,15
llf,15
wif,15
gha,15
seg,15
lto,15
tob,15
oka,15
uai,15
ulm,15
lld,15
ndw,15
stb,15
moa,15
yor,15
aza,15
ldr,15
jol,15
sgu,15
ndy,15
itf,15
bte,15
ska,15
ifo,15
oel,15
bai,15
dth,15
eaw,15
enj,15
tok,15
ccl,15
dei,15
sys,15
eyi,15
iod,15
fog,15
dsm,15
ubj,15
ckw,15
fth,14
fav,14
lul,14
oje,14
dys,14
anq,14
utw,14
rbs,14
rqu,14
roj,14
rgr,14
ebb,14
teb,14
roe,14
esk,14
ymm,14
eot,14
edy,14
iop,14
zoo,14
uvr,14
yis,14
tgr,14
rkl,14
jin,14
doi,14
kpo,14
maz,14
tue,14
jew,14
ecc,14
lfu,14
utb,14
igs,14
ejo,14
apy,14
esq,14
aic,14
nid,14
jet,14
sef,14
pum,14
nak,14
utf,14
chw,14
tuc,14
agl,14
kul,14
vap,14
rwr,14
tpo,14
ghl,14
pew,14
eun,14
poe,14
mew,14
llm,14
taf,14
bob,14
erj,14
uac,14
dbo,14
awi,13
afi,13
kla,13
hwo,13
uip,13
osh,13
nky,13
ryo,13
rek,13
chd,13
amy,13
arw,13
ldl,13
yca,13
pno,13
lyn,13
usu,13
eny,13
hym,13
nri,13
luf,13
lir,13
olm,13
pne,13
alb,13
igl,13
nje,13
tav,13
anz,13
thn,13
aed,13
wse,13
rhy,13
ubd,13
ueb,13
xec,13
itm,13
zze,13
nkn,13
sow,13
rps,13
kir,13
iad,13
eud,13
jes,13
wie,13
dyi,13
kou,13
dwe,13
mly,13
mif,13
muc,13
tco,13
pud,13
doz,13
inp,13
alr,13
ygo,13
izo,13
kna,13
pug,13
muf,13
hik,13
gad,13
ixt,13
iry,12
rwe,12
mau,12
ixi,12
neq,12
ofa,12
tfo,12
nep,12
zip,12
ewr,12
zli,12
gig,12
pik,12
bey,12
bau,12
euv,12
niq,12
lwa,12
wam,12
lfc,12
dpa,12
naw,12
bys,12
bbo,12
ieu,12
efs,12
psu,12
gap,12
kim,12
rah,12
lpe,12
bub,12
pef,12
heq,12
caf,12
ddr,12
aml,12
upo,12
rld,12
uvi,12
unq,12
nhu,12
xit,12
shb,12
hub,12
daz,12
dfo,12
etw,12
hia,12
hud,12
emm,12
hba,12
dna,12
azo,12
ybo,12
iml,12
eks,12
oax,12
inw,12
xag,12
stn,12
ngb,12
uag,12
bsu,12
cun,12
rnf,12
cak,12
tdo,12
anh,12
deh,12
jok,12
ehi,12
rua,12
dox,12
ngf,12
gym,12
wim,12
ubu,11
gyr,11
lfe,11
aln,11
ilf,11
xcu,11
aha,11
doe,11
ypa,11
eeb,11
nmi,11
kon,11
oeu,11
dda,11
bap,11
anv,11
msi,11
pav,11
wdr,11
xia,11
ohi,11
ezi,11
kic,11
etf,11
roh,11
adb,11
bdi,11
ajo,11
peo,11
six,11
ayf,11
jor,11
dub,11
bve,11
awb,11
lho,11
mmy,11
otp,11
eim,11
fos,11
ymn,11
vam,11
oru,11
sey,11
kea,11
enz,11
egm,11
nwe,11
rgy,11
mee,11
dad,11
tfa,11
ypn,11
owm,11
ndn,11
mpy,11
jau,11
inb,11
byt,11
iza,11
wen,11
owp,11
hep,11
tts,11
neb,11
hyt,11
wax,11
ewd,11
cof,11
tbr,11
xpi,11
pbo,11
lol,11
pyi,11
wde,11
egs,11
ssf,11
bco,11
dse,11
lfr,11
yla,11
hla,11
yaw,11
tpa,11
ghb,11
ugn,11
foa,11
bak,11
yne,11
pam,11
lof,11
seh,11
ugl,11
lsa,11
ubo,11
dsi,11
sfe,11
lyr,11
otb,11
rcr,11
nza,11
web,11
gyn,11
lbe,11
biv,11
kew,11
tad,11
xho,11
wfu,11
psa,11
irg,11
utm,11
maj,11
odw,11
xen,11
yto,10
tay,10
inm,10
adf,10
lpo,10
afo,10
wip,10
eif,10
ubv,10
rbu,10
nra,10
nvu,10
nug,10
tpr,10
sda,10
tfi,10
lfa,10
tlo,10
fiz,10
ckm,10
aiv,10
bba,10
gei,10
ssw,10
djo,10
ryl,10
oym,10
egn,10
noy,10
lwo,10
rdu,10
xil,10
nox,10
htw,10
duo,10
bay,10
ctn,10
unj,10
waf,10
yre,10
udo,10
gav,10
ooe,10
gnm,10
rtb,10
lyg,10
pht,10
gfu,10
ckf,10
vre,10
xpu,10
aky,10
rtc,10
xta,10
spy,10
dsc,10
btl,10
ucr,10
fty,10
dut,10
guo,10
itn,10
ypr,10
rdn,10
pwa,10
mio,10
heu,10
eml,10
owt,10
rpt,10
kro,10
utg,10
dye,10
unu,10
buz,10
npi,10
goe,10
jan,10
kip,10
kho,10
phl,10
eev,10
sru,10
zza,10
gey,10
pda,10
utd,10
ayw,10
oen,10
wdi,10
lba,10
hex,10
arh,10
fif,10
wap,10
sps,10
lpt,10
rtw,10
nry,10
ybe,10
sbo,10
ogm,10
utn,10
lup,10
ozi,10
daw,10
sju,10
feu,10
sfa,10
bye,10
apu,10
oov,10
afr,10
ugi,10
puf,10
fud,10
efy,9
wly,9
enq,9
ngy,9
hmi,9
ckh,9
emy,9
mow,9
eea,9
stw,9
oho,9
pfr,9
uxu,9
vex,9
oaf,9
ndd,9
bno,9
stp,9
pfu,9
aub,9
esd,9
ibo,9
meo,9
wma,9
hef,9
xhu,9
hty,9
ntw,9
hok,9
aum,9
onr,9
adn,9
wth,9
npu,9
kba,9
ecy,9
rtg,9
sdi,9
otu,9
awf,9
tni,9
coy,9
uco,9
peg,9
ngw,9
rye,9
umf,9
cyp,9
hiz,9
ika,9
rfr,9
atg,9
htn,9
edb,9
dov,9
lry,9
ilv,9
ipb,9
ihi,9
oap,9
fco,9
huc,9
bme,9
nsg,9
xur,9
tsp,9
nzi,9
lae,9
hay,9
yni,9
ptr,9
cht,9
dfi,9
eya,9
dcu,9
bei,9
ydi,9
wba,9
zea,9
naf,9
atn,9
thd,9
tpl,9
ibs,9
bip,9
kwo,9
odr,9
aux,9
thb,9
syr,9
ckt,9
rvo,9
upb,9
bta,9
cku,9
tga,9
rdb,9
ewh,9
nbl,9
lyw,9
ipm,9
zil,9
bik,8
pim,8
iap,8
faw,8
arq,8
ouf,8
lfd,8
ija,8
cec,8
fuz,8
juv,8
ooi,8
wob,8
ssr,8
lci,8
kto,8
hyg,8
jee,8
kfu,8
ayb,8
hst,8
oue,8
dsp,8
ctf,8
sog,8
avy,8
adc,8
wiv,8
ayd,8
ipw,8
zan,8
lgr,8
upy,8
owf,8
ffy,8
chf,8
lha,8
gbo,8
kpi,8
owh,8
opm,8
eeh,8
chh,8
bev,8
elb,8
dfu,8
jar,8
tbi,8
lky,8
klo,8
ixa,8
rtf,8
odc,8
uav,8
rdw,8
dch,8
byp,8
ckc,8
geb,8
tym,8
lfh,8
rwi,8
jaw,8
xul,8
kas,8
rwh,8
cic,8
kbe,8
ehy,8
lce,8
gdo,8
awd,8
rmh,8
daf,8
dpi,8
ofl,8
kan,8
rik,8
ofs,8
chp,8
tah,8
tof,8
axa,8
ssb,8
bem,8
fad,8
tpe,8
veh,8
wou,8
baf,8
leh,8
xca,8
stc,8
idy,8
psh,8
hyr,8
anb,8
ucu,8
ezz,8
uak,8
myt,8
kha,8
wbo,8
onb,8
obv,8
ynd,8
npe,8
jab,8
gac,8
eod,8
obu,8
nwr,8
omu,8
ieg,8
ysm,8
lln,8
enm,8
elw,8
kda,8
hul,8
ngd,8
fue,8
ngg,8
umv,8
ntn,8
xch,8
dav,8
cai,8
isy,8
irf,8
nih,8
oev,7
pma,7
sde,7
kpa,7
afl,7
rhi,7
etb,7
dah,7
ecs,7
tcr,7
hdo,7
lyh,7
kbi,7
lpl,7
msh,7
yen,7
wme,7
puz,7
yac,7
hpi,7
fry,7
owc,7
baw,7
uml,7
deq,7
ueu,7
ocy,7
rdy,7
bez,7
ryn,7
rae,7
shw,7
enw,7
dsu,7
luk,7
xot,7
xib,7
lro,7
awm,7
ojo,7
fta,7
feb,7
tgu,7
upu,7
bju,7
bvi,7
usy,7
rje,7
afa,7
dco,7
gsh,7
kta,7
cox,7
ldf,7
iru,7
lye,7
feg,7
oha,7
sro,7
ayl,7
ckd,7
ymi,7
pov,7
hho,7
gaw,7
thp,7
oex,7
pbr,7
ucl,7
zzy,7
asq,7
apd,7
edc,7
ahs,7
aor,7
yfu,7
uru,7
ouv,7
lbi,7
llc,7
pgr,7
ngh,7
xal,7
vau,7
owr,7
sov,7
byi,7
jai,7
ssc,7
cua,7
nup,7
rdh,7
mfu,7
mve,7
zig,7
icc,7
esw,7
bti,7
tbu,7
buy,7
joc,7
uef,7
oby,7
kfa,7
roz,7
zor,7
ttu,7
yms,7
lfs,7
nof,7
rex,7
ozo,7
zas,7
izi,7
rky,7
idw,7
upg,7
iai,7
pdo,7
llh,7
kad,7
ckr,7
kyl,7
esy,7
diz,7
irb,7
nbi,7
eyo,7
wsh,7
foe,7
hdr,7
few,7
lpr,7
fde,7
obr,7
fev,7
wdl,7
rmy,7
yda,7
bam,7
eiz,7
oei,7
hij,7
nze,7
buo,6
ceb,6
azy,6
llr,6
deu,6
mho,6
ygr,6
ilg,6
pco,6
eid,6
jot,6
tov,6
nub,6
soe,6
lri,6
odh,6
dgm,6
olc,6
muz,6
jay,6
dbr,6
mek,6
fho,6
wnp,6
jut,6
uxt,6
wsp,6
ftl,6
rbr,6
wpi,6
hya,6
ekn,6
ilc,6
ubp,6
llw,6
wca,6
ksm,6
ufl,6
oyo,6
ilb,6
wki,6
awo,6
jos,6
ifs,6
geh,6
nya,6
hbr,6
ekl,6
sfy,6
sud,6
ggo,6
yag,6
ywe,6
eov,6
tyi,6
ufa,6
miu,6
tht,6
knu,6
agp,6
ptl,6
oob,6
nja,6
wok,6
nyl,6
jel,6
siu,6
ooc,6
dui,6
aje,6
aho,6
rkm,6
onw,6
tei,6
liu,6
ulv,6
anx,6
rur,6
cys,6
mef,6
duk,6
taw,6
uiz,6
aol,6
toy,6
pki,6
rnt,6
soj,6
kru,6
xas,6
dha,6
cay,6
abn,6
nkr,6
jux,6
odf,6
oog,6
ivu,6
yps,6
gta,6
usb,6
rcy,6
tnu,6
rfs,6
cuc,6
ebt,6
hto,6
rsk,6
jog,6
mro,6
tug,6
gfi,6
uxe,6
kyd,6
lsh,6
moe,6
bbr,6
aup,6
lso,6
ndt,6
tsw,6
oeb,6
ngm,6
gpi,6
dpr,6
cew,6
oxh,6
edf,6
llg,6
uia,6
inx,6
rpu,6
jub,6
zeb,6
hsa,6
dgy,6
tsu,6
gnu,6
eyb,6
ofu,6
job,6
piz,6
shf,6
oea,6
adp,6
uoy,6
ddu,6
bho,6
sdr,6
aec,6
orh,6
iek,6
ysa,6
xco,6
icn,6
lsc,6
ewn,6
cch,6
alw,6
yet,6
ulb,6
gew,6
lah,6
owy,6
eym,6
dbi,6
imn,6
pwi,6
yde,6
hms,6
tik,6
poa,6
ugm,6
upd,6
nkf,6
ygi,6
luv,6
ghn,6
roq,6
fak,6
eul,6
khe,6
nik,6
wsi,6
ldw,6
itb,6
iks,6
bfo,6
lps,6
dyl,6
uso,6
yot,6
sax,6
syp,6
wry,6
jui,6
ftw,6
hsh,6
ius,6
ldu,6
wnl,6
gmi,6
esb,5
atw,5
osl,5
elk,5
dud,5
yok,5
rmf,5
pwr,5
obn,5
jaz,5
lix,5
dug,5
uly,5
iox,5
mla,5
ehu,5
gyp,5
ylu,5
sgo,5
olb,5
myo,5
elh,5
rny,5
fne,5
pox,5
dvo,5
nsv,5
edw,5
sjo,5
sst,5
mfe,5
guz,5
aru,5
tiu,5
ldn,5
jig,5
dsw,5
gif,5
xud,5
sgi,5
woe,5
kke,5
hpo,5
itz,5
wbr,5
ynx,5
mso,5
apn,5
yss,5
uay,5
tbe,5
dbu,5
wsr,5
yol,5
tcu,5
oyl,5
jea,5
fto,5
edt,5
dhi,5
kay,5
vvy,5
bfu,5
gow,5
isn,5
lfl,5
lpf,5
jeo,5
wdy,5
raj,5
oxt,5
wac,5
ksa,5
abh,5
obf,5
nkt,5
epf,5
cig,5
fiv,5
dpo,5
wke,5
sve,5
uty,5
pif,5
onp,5
hpa,5
tiz,5
lda,5
ybr,5
lfo,5
jap,5
uaw,5
hhi,5
zag,5
bcu,5
elg,5
oyf,5
nsy,5
ceo,5
lbu,5
bif,5
etn,5
kse,5
ddo,5
oky,5
bop,5
ywo,5
rsw,5
cni,5
etm,5
yod,5
ozy,5
fow,5
beq,5
gbi,5
sah,5
yly,5
yeb,5
lwi,5
bne,5
ewy,5
fax,5
hda,5
rnu,5
udl,5
mse,5
bry,5
ilh,5
tgo,5
hua,5
fag,5
dfl,5
lft,5
ilw,5
bwe,5
cyn,5
nxe,5
olp,5
rkp,5
atf,5
oik,5
mae,5
ofr,5
auv,5
asl,5
wbe,5
cyl,5
etp,5
rkr,5
euc,5
htm,5
xan,5
lbl,5
tmi,5
cst,5
ohy,5
otm,5
yey,5
ysc,5
gao,5
dbe,5
thh,5
uib,5
okb,5
bok,5
rtz,5
ntf,5
hev,5
irn,5
eyc,5
sos,5
eew,5
byl,5
eof,5
hey,5
lgo,5
ssh,5
wla,5
boe,5
yba,5
epw,5
ael,5
uei,5
lnu,5
elr,5
okm,5
gwa,5
orf,5
odp,5
kep,5
aar,5
akl,5
loe,5
udy,5
kra,5
mns,5
ysl,5
cey,5
piv,5
euk,5
yew,5
nsn,5
zel,5
mra,5
pya,5
omr,5
evu,5
zio,5
cyb,5
jag,5
dbl,5
seo,5
nxi,5
fod,5
lal,5
uos,5
uft,5
yie,5
hry,5
htc,5
rct,5
kfi,5
kor,5
uxi,5
ysh,5
ryt,5
dej,5
hta,5
jad,5
tsc,4
ltz,4
tdr,4
tfl,4
hye,4
shp,4
hup,4
caw,4
enp,4
ksi,4
ekk,4
tsa,4
gbe,4
ewt,4
pke,4
xig,4
oml,4
sra,4
ghw,4
jov,4
heb,4
yce,4
axp,4
okw,4
aku,4
tpu,4
eyw,4
zet,4
liz,4
bdo,4
nzy,4
buk,4
lkw,4
aal,4
vom,4
zoa,4
kpe,4
wnw,4
odm,4
xcr,4
ftm,4
oag,4
naz,4
coq,4
eln,4
hah,4
ftn,4
bim,4
zam,4
olg,4
lyo,4
sbu,4
kem,4
ndg,4
uoi,4
lcl,4
guy,4
osk,4
wye,4
hyb,4
owg,4
wnt,4
odn,4
ayg,4
aja,4
keb,4
gef,4
zom,4
ldb,4
itw,4
upw,4
ctm,4
ryc,4
wiz,4
iji,4
ptn,4
eow,4
olh,4
rkh,4
dja,4
idf,4
baz,4
arx,4
ldc,4
oyc,4
iln,4
yee,4
axy,4
sdo,4
ywh,4
wny,4
ipy,4
mbf,4
peb,4
wco,4
yak,4
amw,4
abj,4
rvy,4
umc,4
odb,4
rao,4
dae,4
tso,4
mlo,4
wpa,4
leq,4
tze,4
yog,4
gsi,4
uum,4
toz,4
nlu,4
niz,4
teh,4
vue,4
yhe,4
dga,4
nyi,4
wep,4
amr,4
wto,4
otw,4
ijo,4
pth,4
wmi,4
ocs,4
rkn,4
jil,4
oui,4
irv,4
phu,4
ckg,4
eik,4
wop,4
oef,4
nyw,4
ewf,4
akf,4
iby,4
nkm,4
eyd,4
kch,4
ayp,4
biz,4
pyl,4
lih,4
raq,4
xyg,4
uif,4
stg,4
kdo,4
kri,4
yxi,4
ioi,4
uki,4
cae,4
onh,4
kam,4
gnp,4
ldy,4
xiv,4
bto,4
mci,4
dyb,4
jah,4
awy,4
rsm,4
iho,4
wot,4
wng,4
ayt,4
eip,4
rsl,4
pix,4
zop,4
xra,4
eue,4
zur,4
pry,4
ecd,4
eaz,4
vyi,4
rnl,4
bma,4
udu,4
igt,4
ebs,4
dyg,4
sut,4
rsn,4
oau,4
eoi,4
ngn,4
jit,4
nru,4
yge,4
kme,4
kya,4
mep,4
wsl,4
hso,4
iah,4
bca,4
ksp,4
obw,4
okl,4
akn,4
rtt,4
eyl,4
oyr,4
igz,4
sek,4
shh,4
nuz,4
scy,4
mtr,4
yeu,4
veb,4
rsc,4
dgu,4
yop,4
yrs,4
tci,4
cdo,4
ewl,4
pyg,4
eyn,4
iwi,4
edh,4
ioa,4
zap,4
uka,4
fob,4
dhu,4
ggs,4
oem,4
oia,4
idt,4
bah,4
yke,4
dti,4
mao,4
wkw,4
unz,4
rju,4
piq,4
asb,4
yru,4
mpk,4
cty,4
eyh,4
mah,4
eby,4
dym,4
rhu,4
ubh,4
oig,4
hbi,4
hyx,4
soy,4
odt,4
vef,4
lkm,4
iur,4
cah,4
gza,4
nmu,4
nsk,4
vee,4
lkl,4
xol,4
tcl,4
amc,4
ktr,4
dsl,4
egy,4
pty,4
wst,3
yfe,3
uon,3
gda,3
ohm,3
zis,3
gop,3
ooh,3
onz,3
wpl,3
uye,3
hfi,3
rlu,3
kyw,3
auf,3
wfi,3
chc,3
keh,3
hwi,3
uol,3
tyc,3
wpo,3
ldh,3
anw,3
hao,3
kry,3
bpr,3
xub,3
mbn,3
snt,3
xop,3
edp,3
pej,3
sss,3
hns,3
rkb,3
xle,3
rix,3
opf,3
maw,3
usq,3
yeo,3
koo,3
gay,3
wod,3
pem,3
ksl,3
akr,3
erq,3
mto,3
tna,3
keo,3
rmb,3
hnu,3
kth,3
nir,3
udf,3
yei,3
ghp,3
kys,3
ovu,3
wof,3
chg,3
rgs,3
ikh,3
iin,3
opc,3
iez,3
wfl,3
rkf,3
kso,3
ldm,3
syi,3
oua,3
twh,3
zit,3
zep,3
eic,3
hhe,3
etk,3
fcu,3
avu,3
nyo,3
mfi,3
nku,3
lya,3
hco,3
ayh,3
hqu,3
vif,3
yfl,3
ngp,3
tfe,3
fhe,3
pbu,3
mdr,3
csi,3
btu,3
msc,3
byr,3
apb,3
dby,3
afg,3
meb,3
yha,3
ceh,3
wfa,3
hek,3
ahi,3
tth,3
riq,3
rnp,3
dik,3
gwr,3
tno,3
lsp,3
bna,3
avv,3
aoi,3
obd,3
arz,3
hde,3
eka,3
zul,3
lyb,3
epd,3
ywi,3
fsa,3
azu,3
esn,3
rdp,3
yfi,3
ybu,3
umd,3
byw,3
htr,3
vew,3
gec,3
dje,3
mya,3
nkp,3
lre,3
apf,3
jav,3
suo,3
gup,3
zym,3
pmo,3
cze,3
tke,3
agt,3
opk,3
htp,3
oey,3
dcl,3
owo,3
nix,3
bts,3
dlu,3
ysy,3
ffn,3
mex,3
pey,3
yap,3
sdu,3
ywr,3
evy,3
noa,3
zic,3
fio,3
ysf,3
rxi,3
kwe,3
std,3
hbe,3
wgi,3
wnb,3
nsd,3
ptw,3
fma,3
ogb,3
baa,3
gip,3
dki,3
agh,3
maf,3
ayr,3
ntb,3
zee,3
adt,3
ivv,3
lfw,3
anf,3
msy,3
aeg,3
ugb,3
ifa,3
xwo,3
psk,3
fom,3
hgo,3
gsp,3
rnn,3
lfp,3
kun,3
ezy,3
cly,3
veo,3
oec,3
iae,3
atb,3
jiv,3
boh,3
ilr,3
ipf,3
exq,3
wov,3
ltl,3
ogf,3
epy,3
rzi,3
wow,3
vix,3
nah,3
fdo,3
yfr,3
mik,3
gwo,3
uys,3
vvi,3
oww,3
xfo,3
otn,3
hhu,3
ogh,3
oib,3
guf,3
xqu,3
uny,3
kbr,3
xyl,3
bsp,3
rnc,3
fgh,3
upf,3
pbe,3
kca,3
pfi,3
efc,3
tge,3
viu,3
tsy,3
msp,3
bya,3
sbi,3
uaf,3
awp,3
rax,3
ozl,3
uio,3
bof,3
mca,3
jul,3
ffb,3
oxa,3
fca,3
peu,3
caj,3
pue,3
gub,3
lmy,3
lyu,3
agf,3
umt,3
yep,3
gaf,3
ytr,3
kwi,3
nhy,3
ksu,3
idr,3
osq,3
pof,3
xts,3
twr,3
lru,3
dni,3
gom,3
kbu,3
oxc,3
hsi,3
lll,3
oeh,3
doy,3
pyc,3
myr,3
ldt,3
kre,3
gto,3
ygl,3
zim,3
otg,3
awt,3
keu,3
ioe,3
mwa,3
rdc,3
toh,3
inr,3
evv,3
ygm,3
xab,3
cya,3
otf,3
wks,3
rsy,2
meh,2
uep,2
foy,2
pei,2
fwa,2
laq,2
aob,2
wun,2
tya,2
yby,2
aip,2
dtr,2
apk,2
dnt,2
kol,2
ntp,2
tzi,2
mei,2
wsu,2
bij,2
nwh,2
atv,2
dof,2
hbu,2
akw,2
epn,2
udb,2
dnu,2
jow,2
raa,2
cne,2
vim,2
ubw,2
dak,2
pek,2
bsk,2
hph,2
idm,2
myn,2
vae,2
akt,2
tki,2
aev,2
mav,2
odk,2
ckj,2
duf,2
dgl,2
vri,2
imw,2
lno,2
lhe,2
ksk,2
xif,2
lfg,2
rlw,2
lpm,2
ohn,2
dpe,2
ysu,2
vik,2
rmc,2
izu,2
axw,2
ixo,2
yad,2
eah,2
zyg,2
rlp,2
eyp,2
yny,2
yls,2
ceg,2
fsh,2
vro,2
sht,2
rkd,2
yae,2
gsa,2
dob,2
bav,2
tkn,2
loz,2
lyl,2
anp,2
bty,2
fbo,2
gms,2
dyt,2
ptc,2
heg,2
xys,2
imr,2
kax,2
hpl,2
gba,2
ewp,2
hmo,2
akp,2
wnu,2
xth,2
hca,2
apm,2
mno,2
ysp,2
wss,2
zal,2
caq,2
bex,2
cuu,2
mpp,2
wwo,2
idh,2
ppu,2
hfo,2
ygu,2
ylp,2
rux,2
tsk,2
vyw,2
obg,2
eux,2
ekb,2
yip,2
oyb,2
kio,2
cek,2
mbd,2
swu,2
uey,2
uks,2
asw,2
rmn,2
fop,2
kaw,2
pyt,2
mye,2
hfa,2
ryb,2
utz,2
orv,2
goy,2
bue,2
exm,2
ovy,2
ftb,2
oah,2
zaa,2
bgo,2
ltp,2
tcy,2
iaz,2
uod,2
ddh,2
tyk,2
zyi,2
cza,2
nkw,2
hyo,2
aiz,2
mhe,2
sby,2
ntz,2
exl,2
vra,2
ndk,2
ksc,2
spb,2
bov,2
udh,2
noz,2
ygy,2
htu,2
yeg,2
eio,2
ulw,2
yof,2
kef,2
iov,2
asr,2
dqu,2
zoi,2
abm,2
syb,2
moz,2
hyi,2
uvu,2
ryg,2
xtb,2
yup,2
skt,2
tbl,2
wsy,2
ozz,2
azt,2
keg,2
dwr,2
ahn,2
imy,2
yam,2
urh,2
nns,2
mfl,2
idb,2
fha,2
ouk,2
kpl,2
kcu,2
jej,2
rpm,2
koa,2
quy,2
ihu,2
yta,2
ahm,2
esl,2
rko,2
kap,2
dfr,2
ekd,2
gry,2
egh,2
orq,2
yur,2
dph,2
tek,2
liw,2
kii,2
auk,2
uku,2
oln,2
ahl,2
thq,2
yci,2
rby,2
ddm,2
doh,2
itp,2
erz,2
lyf,2
ryd,2
ljo,2
dez,2
paz,2
nvy,2
rja,2
exw,2
asn,2
waz,2
yry,2
laa,2
bsy,2
ybi,2
zki,2
yul,2
dya,2
ruo,2
yja,2
ipc,2
kiw,2
tzy,2
mey,2
xup,2
pex,2
aqi,2
rdm,2
dcr,2
aos,2
zte,2
rij,2
dds,2
mpf,2
ydn,2
lmt,2
gwi,2
aia,2
yum,2
iem,2
mez,2
wsf,2
shc,2
xwi,2
ubg,2
puk,2
tys,2
fae,2
akd,2
upm,2
gpo,2
rlf,2
kja,2
mch,2
yun,2
duv,2
bbu,2
iwa,2
ubf,2
rmt,2
uig,2
nyt,2
tda,2
scs,2
ryx,2
sfl,2
dta,2
yga,2
goc,2
cym,2
ghf,2
tev,2
efm,2
xog,2
hue,2
rku,2
bek,2
yat,2
pmu,2
lok,2
bwa,2
ieh,2
uah,2
zec,2
zvo,2
wsa,2
zly,2
shd,2
rkt,2
bej,2
bcl,2
ewc,2
pyh,2
tvi,2
nnk,2
itj,2
rrs,2
mco,2
aea,2
igw,2
fij,2
lwr,2
ffh,2
ahu,2
kgr,2
aot,2
xeg,2
ypu,2
aif,2
jua,2
gof,2
cyh,2
wsc,2
ceu,2
xod,2
bgr,2
rmp,2
nyp,2
pyj,2
okc,2
xir,2
eug,2
ouq,2
loh,2
lpy,2
dte,2
ilp,2
kum,2
ntg,2
gcl,2
fce,2
edk,2
gev,2
llj,2
kaf,2
fuc,2
rnb,2
xma,2
gti,2
uze,2
kfo,2
uxo,2
ghm,2
zeo,2
awr,2
wsm,2
ugo,2
zzo,2
huh,2
llk,2
uqu,2
oeo,2
tja,2
xeh,2
mpn,2
bha,2
ako,2
dfe,2
dix,2
aii,2
gmo,2
cyg,2
ftr,2
ngc,2
amf,2
mpm,2
pph,2
syt,2
ikt,2
btf,2
yng,2
aen,2
htd,2
dyk,2
kov,2
zem,2
jon,2
oxf,2
lkh,2
efb,2
geu,2
ubn,2
mwe,2
rdg,2
ewm,2
oko,2
hdu,2
aik,2
wnh,2
evr,2
igy,2
kmi,2
ciu,2
fpo,2
kua,2
dno,2
ntk,2
ezv,2
lko,2
yov,2
why,2
eja,2
ivy,2
bao,2
upc,2
ryw,2
xme,2
pfl,2
juk,2
ygn,2
byg,2
apw,2
bpl,2
ffc,2
joh,2
efd,2
iwo,2
uem,2
waw,2
thc,2
hih,2
xel,2
fjo,2
ymy,2
rgh,2
pah,2
otd,2
ghh,2
afs,2
mev,2
exy,2
ihe,2
xom,2
biu,2
edm,2
ixu,2
mib,2
boc,2
moh,2
fgo,2
dke,2
wnm,2
dek,2
kud,2
ieb,2
yxe,2
wdo,2
vip,2
wau,2
axl,2
nyx,2
cok,2
okk,2
tpi,2
anj,2
msu,2
paj,2
fbu,2
bpo,2
usm,2
wdn,2
gae,2
mbm,1
xos,1
dgo,1
rfb,1
zak,1
ggh,1
zoe,1
hiu,1
wwh,1
wta,1
umh,1
igb,1
acn,1
ghu,1
zew,1
exf,1
aue,1
zzw,1
lby,1
woa,1
aai,1
uiu,1
stt,1
kka,1
bsh,1
gnb,1
zyb,1
pps,1
wnr,1
msk,1
apj,1
dyp,1
yem,1
sbr,1
rjo,1
yhi,1
lsy,1
shs,1
zai,1
wah,1
lgu,1
rkc,1
pga,1
osn,1
jia,1
zwo,1
bmu,1
epm,1
opg,1
oyh,1
ezo,1
rck,1
zeu,1
awh,1
wds,1
tzk,1
afn,1
wsw,1
kei,1
taz,1
hwh,1
wum,1
uom,1
sae,1
mth,1
agy,1
gtr,1
ebf,1
acm,1
ayc,1
hha,1
kib,1
wfo,1
fsi,1
xeu,1
yfa,1
ogt,1
kaz,1
ddf,1
kti,1
uji,1
hmm,1
wte,1
pdr,1
oyn,1
paq,1
ofg,1
wdu,1
vun,1
aam,1
esg,1
kga,1
lni,1
bsl,1
zda,1
nyb,1
tyd,1
idj,1
xne,1
jif,1
ikk,1
eko,1
utv,1
maq,1
hof,1
nmn,1
mnl,1
koi,1
eia,1
vum,1
rfd,1
iuj,1
aan,1
voo,1
oep,1
nay,1
gsb,1
doa,1
miz,1
tiw,1
hyc,1
ufo,1
eyr,1
tll,1
fpr,1
dyw,1
uha,1
lkt,1
hsp,1
wog,1
ifr,1
uwa,1
ogw,1
atp,1
tyf,1
spn,1
hdi,1
rtk,1
ibn,1
lox,1
aiw,1
anr,1
alh,1
msm,1
jup,1
eeg,1
luj,1
pch,1
kok,1
nsr,1
ghr,1
sez,1
fse,1
ukr,1
psw,1
ncm,1
ecz,1
rdt,1
mup,1
s-b,1
tmu,1
cuz,1
wev,1
ddj,1
amt,1
nuk,1
lmm,1
myd,1
syf,1
rnr,1
dii,1
mcr,1
msb,1
jas,1
ulr,1
yoc,1
fwh,1
aok,1
kki,1
rir,1
tyh,1
lml,1
zpa,1
syg,1
dih,1
lfm,1
iia,1
jen,1
lra,1
ruv,1
bde,1
awc,1
ipz,1
oxw,1
lbr,1
rfh,1
sja,1
wju,1
rdv,1
dci,1
aoh,1
mkh,1
yfo,1
pyw,1
ydu,1
wgr,1
syd,1
ibc,1
khs,1
owj,1
rya,1
kcr,1
jem,1
eej,1
sri,1
wix,1
htt,1
xfr,1
yef,1
dpl,1
skr,1
lbs,1
bze,1
zfa,1
gso,1
lmn,1
jih,1
uyo,1
hyn,1
owk,1
opn,1
zkr,1
hcl,1
fba,1
mnb,1
ezf,1
vep,1
uby,1
uix,1
riw,1
ddn,1
qat,1
uja,1
obc,1
vak,1
xii,1
epc,1
soh,1
dey,1
ghy,1
pzi,1
yrd,1
vod,1
ltw,1
ixf,1
atz,1
gnn,1
bhu,1
uyi,1
omc,1
fef,1
epb,1
tux,1
agw,1
udn,1
sfr,1
xfu,1
kuw,1
ofn,1
bda,1
eii,1
ffp,1
gja,1
oxs,1
lsu,1
lgy,1
vog,1
hwe,1
avs,1
kkn,1
mrs,1
tyo,1
coz,1
jim,1
ouh,1
udm,1
msd,1
rpn,1
mha,1
pca,1
eij,1
mbb,1
ubz,1
psp,1
tsl,1
aag,1
aom,1
lhi,1
nyh,1
ksg,1
gnl,1
ymk,1
myc,1
kdr,1
ypl,1
cso,1
jeh,1
fbe,1
gmy,1
siq,1
yec,1
joe,1
duu,1
xoc,1
klu,1
chq,1
rmw,1
pui,1
nao,1
cde,1
lmu,1
fga,1
gyb,1
wnc,1
mny,1
jak,1
xsw,1
gaj,1
rzo,1
lkb,1
zaz,1
ndq,1
ahr,1
mwo,1
kgu,1
hna,1
avl,1
fdi,1
gsu,1
kao,1
ymu,1
rnk,1
gpl,1
irh,1
fez,1
egw,1
umy,1
pfa,1
eeq,1
zib,1
fpe,1
ghd,1
uam,1
gak,1
icd,1
xus,1
oxo,1
bbt,1
oju,1
lcy,1
ngk,1
wru,1
hyw,1
dsa,1
wts,1
opw,1
zia,1
dyc,1
uhu,1
ghg,1
gah,1
qis,1
yoy,1
wos,1
uec,1
olr,1
pez,1
yas,1
lhu,1
fuh,1
rih,1
mpd,1
tvo,1
bfa,1
eky,1
gko,1
byh,1
ntc,1
ofp,1
lij,1
afy,1
mby,1
oav,1
ahw,1
ycr,1
ogd,1
eax,1
ewb,1
urq,1
gnw,1
myx,1
upk,1
kcl,1
nph,1
ntd,1
iju,1
skl,1
teq,1
yxo,1
suv,1
bbs,1
xof,1
viz,1
uko,1
rmr,1
izd,1
axf,1
mpb,1
loj,1
aie,1
owu,1
wnf,1
alz,1
hcr,1
uhr,1
ayu,1
pja,1
skm,1
wky,1
wsb,1
oza,1
shg,1
ncs,1
zos,1
rkw,1
tce,1
adq,1
kah,1
wlo,1
weh,1
ivs,1
abw,1
nuu,1
mij,1
bae,1
diw,1
jiu,1
lek,1
skn,1
bux,1
iwe,1
mwi,1
axd,1
ltm,1
imc,1
muo,1
kai,1
wln,1
oim,1
gnt,1
boj,1
giu,1
iky,1
xty,1
yuk,1
gfl,1
lej,1
cyi,1
jal,1
ipd,1
tzp,1
fsu,1
piu,1
iob,1
taa,1
-bu,1
xym,1
pua,1
mre,1
uov,1
pye,1
mfy,1
mvi,1
dsk,1
giz,1
anm,1
agb,1
xae,1
suz,1
vur,1
yos,1
asg,1
cao,1
ehn,1
lcr,1
tyx,1
tih,1
eui,1
csy,1
ryr,1
rpy,1
noh,1
eey,1
htg,1
xad,1
kyo,1
iha,1
ytu,1
hga,1
izk,1
vos,1
rdf,1
puc,1
ogj,1
enk,1
gud,1
okn,1
ldp,1
omt,1
aij,1
dka,1
evs,1
zii,1
hoy,1
gfa,1
ofy,1
rcs,1
rsb,1
wso,1
rze,1
zzm,1
eoe,1
ytt,1
rfy,1
yrr,1
ixp,1
kae,1
tdi,1
cma,1
vyd,1
akm,1
vve,1
lvo,1
iku,1
fep,1
iis,1
xde,1
ucy,1
kfl,1
biw,1
aju,1
iof,1
tae,1
oif,1
saz,1
hmu,1
rlh,1
yid,1
uza,1
htb,1
mnu,1
tey,1
rsd,1
meu,1
mbp,1
ftu,1
dux,1
lkn,1
zzk,1
hja,1
yow,1
dhs,1
axn,1
oek,1
beb,1
mue,1
ss-,1
adz,1
kac,1
wld,1
dze,1
akk,1
gwe,1
ybd,1
pba,1
wnn,1
jez,1
byf,1
fpi,1
auz,1
gep,1
hge,1
axm,1
ltd,1
lao,1
stk,1
naa,1
bsw,1
wup,1
gby,1
zma,1
uop,1
spw,1
tfr,1
akh,1
oux,1
nii,1
agd,1
soz,1
ohs,1
pak,1
kyh,1
vlo,1
rza,1
duz,1
eoa,1
ueo,1
ycy,1
pev,1
lns,1
uik,1
hpu,1
cme,1
xly,1
oie,1
urz,1
pyb,1
tlu,1
yuc,1
kos,1
ghj,1
